Activity Type,Date,Favorite,Title,Distance,Calories,Time,Avg HR,Max HR,Avg Run Cadence,Max Run Cadence,Avg Pace,Best Pace,Total Ascent,Total Descent,Avg Stride Length,Training Stress Score®,Steps,Decompression,Best Lap Time,Number of Laps,Moving Time,Elapsed Time,Min Elevation,Max Elevation,_source_file
Running,2026-04-14 14:01:36,false,,13.10,1540,01:59:46,167,182,179,197,9:09,5:56,251,254,0.98,0.0,21414,No,00:00:53.9,14,01:59:31,01:59:47,706,850,Activities (1).csv
Running,2026-04-16 14:50:46,false,,7.01,858,01:06:45,169,178,182,195,9:31,8:00,77,78,0.93,0.0,12106,No,00:00:07.4,8,01:06:40,01:06:45,707,752,Activities (1).csv
Running,2026-04-20 14:07:21,false,,7.01,799,01:01:59,167,180,187,205,8:51,5:41,104,109,0.97,0.0,11546,No,00:00:02.6,8,01:01:51,01:01:59,707,749,Activities (1).csv
Running,2026-04-22 14:15:12,false,,8.17,1033,01:27:14,169,194,164,197,10:40,6:50,122,133,0.91,0.0,14496,No,00:03:40.8,9,01:25:06,01:27:14,699,754,Activities (1).csv
Running,2026-04-24 14:56:13,false,,13.10,1507,01:59:02,166,177,184,195,9:05,6:48,306,310,0.97,0.0,21798,No,00:00:48.4,14,01:58:59,01:59:02,707,850,Activities (1).csv
Running,2026-05-01 14:59:40,false,,13.10,1517,02:05:21,161,175,186,195,9:34,7:27,289,293,0.91,0.0,23252,No,00:01:00.3,14,02:05:18,02:05:21,707,850,Activities (1).csv
Running,2026-05-03 14:21:35,false,,6.92,810,01:03:25,166,183,187,237,9:10,1:13,259,259,0.94,0.0,11804,No,00:01:18.2,8,01:03:23,01:03:26,709,958,Activities (1).csv
Running,2026-05-05 14:44:59,false,,7.56,884,01:10:36,162,178,188,215,9:21,5:04,126,126,0.92,0.0,13242,No,00:04:43.1,8,01:10:34,01:10:36,707,764,Activities (1).csv
Running,2026-05-08 15:07:42,false,,13.58,1635,02:08:52,167,181,182,194,9:29,7:37,430,403,0.93,0.0,23318,No,00:05:49.0,14,02:08:44,02:08:52,707,853,Activities (1).csv
Running,2026-05-11 14:36:17,false,,7.01,859,01:04:57,174,188,186,198,9:16,4:41,101,105,0.94,0.0,12030,No,00:00:05.3,8,01:04:54,01:04:57,703,752,Activities (1).csv
Running,2026-05-15 13:43:07,false,,15.15,1875,02:44:32,165,186,173,197,10:52,8:27,184,194,0.86,0.0,28482,No,00:01:32.7,16,02:39:02,02:44:38,696,752,Activities (1).csv
Running,2026-05-21 14:54:48,false,,6.52,756,00:57:24,171,195,185,204,8:48,5:35,118,121,0.99,0.0,10594,No,00:03:57.8,7,00:57:22,00:57:24,707,751,Activities (1).csv
Running,2026-05-25 16:31:52,false,,4.12,508,00:37:41,179,194,182,203,9:09,6:37,46,47,0.97,0.0,6840,No,00:01:08.8,5,00:37:34,00:37:41,703,743,Activities (1).csv
Running,2026-05-28 15:05:44,false,,10.32,1298,01:46:31,170,184,176,194,10:19,7:08,265,263,0.88,0.0,18706,No,00:00:01.1,16,01:45:26,01:46:31,707,850,Activities (1).csv
Running,2026-05-31 12:29:36,false,,19.03,2217,03:11:54,162,176,180,198,10:05,7:39,187,198,0.88,0.0,34618,No,00:00:20.9,20,03:11:13,03:11:54,696,741,Activities (1).csv
Running,2026-06-02 14:29:36,false,,3.58,407,00:31:03,168,189,189,198,8:39,6:42,33,34,0.99,0.0,5846,No,00:04:53.8,4,00:31:02,00:31:03,709,743,Activities (1).csv
Running,2026-06-04 14:52:22,false,,7.54,924,01:11:36,171,190,184,202,9:30,7:53,149,154,0.92,0.0,13152,No,00:05:18.0,8,01:11:30,01:11:36,706,763,Activities (1).csv
Running,2026-06-07 14:36:59,false,,17.29,2051,03:43:05,150,182,153,204,12:54,8:27,274,258,0.80,0.0,34218,No,00:07:54.2,18,03:31:04,03:43:32,696,843,Activities (1).csv
Running,2026-06-13 14:35:09,false,,9.35,1167,01:31:33,174,188,180,197,9:47,8:11,259,262,0.91,0.0,16470,No,00:03:23.1,10,01:31:26,01:31:33,707,851,Activities (1).csv
Running,2026-06-16 14:26:37,false,,4.89,540,00:38:43,175,195,186,203,7:55,5:32,59,65,1.09,0.0,7172,No,00:06:34.3,5,00:38:37,00:38:43,702,743,Activities (1).csv
Running,2026-06-21 14:25:39,false,,14.79,1808,02:50:28,162,180,165,240,11:32,7:36,175,171,0.84,0.0,28244,No,00:09:36.9,15,02:43:43,02:50:28,696,741,Activities (1).csv
Running,2026-06-23 13:03:54,false,,3.89,470,00:38:09,160,181,184,196,9:49,7:39,48,51,0.89,0.0,6998,No,00:08:10.2,4,00:38:08,00:38:09,709,743,Activities (1).csv
Running,2026-06-26 13:22:09,false,,7.01,841,01:06:04,172,189,181,197,9:25,3:20,119,124,0.95,0.0,11880,No,00:00:01.8,12,01:05:51,01:06:06,703,747,Activities (1).csv
Running,2026-07-05 14:32:02,false,,4.49,603,00:45:54,179,192,172,202,10:13,7:47,70,74,0.92,0.0,7858,No,00:00:00.6,7,00:44:18,00:45:54,696,742,Activities (1).csv
Running,2026-07-07 14:32:51,false,,4.74,579,00:44:52,174,190,180,203,9:28,8:19,57,56,0.94,0.0,8052,No,00:06:46.7,5,00:44:45,00:44:52,707,741,Activities (1).csv
Running,2026-07-09 16:08:38,false,,4.03,467,00:37:46,166,181,178,192,9:22,8:06,51,57,0.96,0.0,6724,No,00:00:15.2,5,00:37:32,00:37:46,709,741,Activities (1).csv
Running,2026-07-12 14:37:57,false,,4.42,539,00:42:50,172,190,176,194,9:42,7:47,71,77,0.94,0.0,7548,No,00:04:00.6,5,00:42:43,00:42:50,696,743,Activities (1).csv
Running,2026-07-14 13:41:39,false,,4.02,479,00:37:55,171,188,176,187,9:27,8:13,44,43,0.97,0.0,6682,No,00:00:08.0,5,00:37:54,00:37:55,709,743,Activities (1).csv
Running,2026-07-18 15:57:29,false,,4.04,473,00:36:28,174,188,178,193,9:02,6:39,46,50,1.00,0.0,6490,No,00:00:19.0,5,00:36:19,00:36:28,709,743,Activities (1).csv
Running,2026-07-21 15:00:12,false,,12.00,1470,02:05:08,171,185,175,191,10:25,2:34,294,271,0.88,0.0,21810,No,00:00:02.2,13,02:05:05,02:05:08,707,850,Activities (1).csv
Running,2026-07-23 14:31:01,false,,7.33,890,01:11:06,171,184,176,196,9:42,6:17,138,145,0.94,0.0,12532,No,00:02:30.5,8,01:11:04,01:11:06,707,767,Activities (1).csv
Running,2026-07-25 14:09:14,false,,4.91,579,00:45:19,172,183,176,199,9:14,1:37,76,80,0.99,0.0,7964,No,00:08:34.8,5,00:45:18,00:45:19,701,742,Activities (1).csv
Running,2026-07-26 20:10:15,false,,4.89,583,00:47:12,175,183,177,191,9:39,7:23,76,81,0.94,0.0,8358,No,00:08:56.1,5,00:47:10,00:47:13,701,744,Activities (1).csv
Running,2026-07-31 14:52:55,false,,6.91,828,01:05:52,168,187,178,196,9:32,7:21,262,266,0.95,0.0,11700,No,00:08:27.5,7,01:05:46,01:05:52,709,957,Activities (1).csv
Running,2026-08-02 15:17:00,false,,4.00,449,00:33:40,174,189,180,197,8:25,6:41,45,46,1.06,0.0,6070,No,00:00:00.5,5,00:33:40,00:33:40,709,743,Activities (1).csv
Running,2026-08-04 14:53:57,false,,13.12,1569,02:07:06,172,189,177,197,9:41,7:39,270,274,0.94,0.0,22412,No,00:01:08.5,14,02:07:01,02:07:06,696,850,Activities (1).csv
